{"cameraMode":{"drawMode":0,"name":"Shaded","section":"Shading Mode"},"sceneLighting":true,"audioPlay":false,"sceneViewState":{"m_AlwaysRefresh":false,"showFog":true,"showSkybox":true,"showFlares":true,"showImageEffects":true,"showParticleSystems":true,"showVisualEffectGraphs":true,"m_FxEnabled":true},"in2DMode":false,"pivot":{"x":160.45809936523438,"y":-69.16983032226563,"z":167.6775665283203},"rotation":{"x":-0.13888967037200929,"y":-0.39109086990356448,"z":0.05981652811169624,"w":-0.9078153371810913},"size":128.42755126953126,"orthographic":false}